change_in_training_0,,
0,,79
0,,
0,,
0,,
0,,
0,,
0,,
0,,
0,,
0,,
0,,
0,,
0,,
0,,
0,,
0,,
0,,
0,,
0,,
0,,
0,,
0,,
0,,
0,,
0,,
0,,
0,,
0,,
0,,
0,,
0,,
0,,
0,,
0,,
0,,
0,,
0,,
0,,
0,,
0,,
0,,
0,,
0,,
0,,
0,,
0,,
0,,
0,,
0,,
0,,
0,,
0,,
0,,
0,,
0,,
0,,
0,,
0,,
0,,
0,,
0,,
0,,
0,,
0,,
0,,
0,,
0,,
0,,
0,,
0,,
0,,
0,,
0,,
0,,
0,,
0,,
0,,
0,,
0,,
0,,
0,,
0,,
0,,
0,,
0,,
0,,
0,,
0,,
0,,
0,,
0,,
0,,
0,,
0,,
0,,
0,,
0,,
0,,
0,,
0,,
0,,
0,,
0,,
0,,
0,,
0,,
0,,
0,,
0,,
0,,
0,,
0,,
0,,
0,,
0,,
0,,
0,,
0,,
0,,
0,,
0,,
0,,
0,,
0,,
0,,
0,,
0,,
0,,
0,,
0,,
0,,
0,,
0,,
0,,
0,,
0,,
0,,
0,,
0,,
0,,
0,,
0,,
0,,
0,,
0,,
0,,
0,,
0,,
0,,
0,,
0,,
0,,
0,,
0,,
0,,
0,,
0,,
0,,
0,,
0,,
0,,
0,,
0,,
0,,
0,,
0,,
0,,
0,,
0,,
0,,
0,,
0,,
0,,
0,,
0,,
0,,
0,,
0,,
0,,
0,,
0,,
0,,
0,,
0,,
0,,
0,,
0,,
0,,
0,,
0,,
0,,
0,,
0,,
0,,
0,,
0,,
1,,
0,,
0,,
0,,
0,,
0,,
0,,
0,,
0,,
0,,
0,,
0,,
0,,
0,,
0,,
0,,
0,,
0,,
0,,
0,,
0,,
0,,
0,,
0,,
0,,
0,,
0,,
0,,
0,,
0,,
0,,
0,,
0,,
0,,
0,,
0,,
0,,
0,,
0,,
0,,
0,,
0,,
0,,
0,,
0,,
0,,
0,,
0,,
0,,
0,,
0,,
0,,
0,,
0,,
0,,
0,,
0,,
0,,
0,,
0,,
0,,
0,,
0,,
0,,
0,,
0,,
0,,
0,,
0,,
0,,
0,,
0,,
0,,
0,,
0,,
0,,
0,,
0,,
0,,
0,,
0,,
0,,
0,,
0,,
0,,
0,,
0,,
0,,
0,,
0,,
0,,
0,,
0,,
0,,
0,,
0,,
0,,
0,,
0,,
0,,
0,,
0,,
0,,
0,,
0,,
0,,
0,,
0,,
0,,
0,,
0,,
0,,
0,,
0,,
0,,
0,,
0,,
0,,
0,,
0,,
0,,
0,,
0,,
0,,
0,,
0,,
0,,
0,,
0,,
0,,
0,,
0,,
0,,
0,,
0,,
0,,
0,,
0,,
0,,
0,,
0,,
0,,
0,,
0,,
0,,
0,,
0,,
0,,
0,,
0,,
0,,
0,,
0,,
0,,
0,,
0,,
0,,
0,,
0,,
0,,
0,,
0,,
0,,
0,,
0,,
0,,
0,,
0,,
0,,
0,,
0,,
0,,
0,,
0,,
0,,
0,,
0,,
0,,
0,,
0,,
0,,
0,,
0,,
0,,
0,,
0,,
0,,
0,,
0,,
0,,
0,,
0,,
0,,
0,,
0,,
0,,
0,,
0,,
0,,
0,,
1,,
0,,
0,,
0,,
0,,
0,,
0,,
0,,
0,,
0,,
0,,
0,,
0,,
0,,
0,,
0,,
0,,
0,,
0,,
0,,
0,,
0,,
0,,
0,,
0,,
0,,
0,,
0,,
0,,
0,,
0,,
0,,
0,,
0,,
0,,
0,,
0,,
0,,
0,,
0,,
0,,
0,,
0,,
0,,
0,,
0,,
0,,
0,,
0,,
0,,
0,,
0,,
0,,
0,,
0,,
0,,
0,,
0,,
0,,
0,,
0,,
0,,
0,,
0,,
0,,
0,,
0,,
0,,
0,,
0,,
0,,
0,,
0,,
0,,
0,,
0,,
0,,
0,,
0,,
0,,
0,,
0,,
0,,
0,,
0,,
0,,
0,,
0,,
0,,
0,,
0,,
0,,
0,,
0,,
0,,
0,,
0,,
0,,
0,,
0,,
0,,
0,,
0,,
0,,
0,,
0,,
0,,
0,,
0,,
0,,
0,,
0,,
0,,
0,,
0,,
0,,
0,,
0,,
0,,
0,,
0,,
0,,
0,,
0,,
0,,
0,,
0,,
0,,
0,,
0,,
0,,
0,,
0,,
0,,
0,,
0,,
0,,
0,,
0,,
0,,
0,,
0,,
0,,
0,,
0,,
0,,
0,,
0,,
0,,
0,,
0,,
0,,
0,,
0,,
0,,
0,,
0,,
0,,
0,,
0,,
0,,
0,,
0,,
0,,
0,,
0,,
0,,
0,,
0,,
0,,
0,,
0,,
0,,
0,,
0,,
0,,
0,,
0,,
0,,
0,,
0,,
0,,
0,,
0,,
0,,
0,,
0,,
0,,
0,,
0,,
0,,
0,,
0,,
0,,
0,,
0,,
0,,
0,,
0,,
0,,
0,,
0,,
0,,
0,,
0,,
0,,
0,,
0,,
0,,
0,,
0,,
0,,
0,,
0,,
0,,
0,,
0,,
0,,
0,,
0,,
0,,
0,,
0,,
0,,
0,,
0,,
0,,
0,,
0,,
0,,
0,,
0,,
0,,
0,,
0,,
0,,
0,,
0,,
0,,
0,,
0,,
0,,
0,,
0,,
0,,
0,,
0,,
0,,
0,,
0,,
0,,
0,,
0,,
0,,
0,,
0,,
0,,
0,,
0,,
0,,
0,,
0,,
0,,
0,,
0,,
0,,
0,,
0,,
0,,
0,,
0,,
0,,
0,,
0,,
0,,
0,,
0,,
0,,
0,,
0,,
0,,
0,,
0,,
0,,
0,,
0,,
0,,
0,,
0,,
0,,
0,,
0,,
0,,
0,,
0,,
0,,
0,,
0,,
0,,
0,,
0,,
0,,
0,,
0,,
0,,
0,,
0,,
0,,
0,,
0,,
0,,
0,,
0,,
0,,
0,,
0,,
0,,
0,,
0,,
0,,
0,,
0,,
0,,
0,,
0,,
0,,
0,,
0,,
0,,
0,,
0,,
0,,
0,,
0,,
0,,
0,,
1,,
0,,
0,,
0,,
0,,
0,,
0,,
0,,
0,,
0,,
0,,
0,,
0,,
0,,
0,,
0,,
0,,
0,,
0,,
0,,
0,,
0,,
0,,
0,,
0,,
0,,
0,,
0,,
0,,
0,,
0,,
0,,
0,,
0,,
0,,
0,,
0,,
0,,
0,,
0,,
0,,
0,,
0,,
0,,
0,,
0,,
0,,
0,,
0,,
0,,
0,,
0,,
0,,
0,,
0,,
0,,
0,,
0,,
0,,
0,,
0,,
0,,
0,,
0,,
0,,
0,,
0,,
0,,
0,,
0,,
0,,
0,,
0,,
0,,
0,,
0,,
0,,
0,,
0,,
0,,
0,,
0,,
0,,
0,,
0,,
0,,
0,,
0,,
0,,
0,,
0,,
0,,
0,,
0,,
0,,
0,,
0,,
0,,
0,,
0,,
0,,
0,,
0,,
0,,
0,,
0,,
0,,
0,,
0,,
0,,
0,,
0,,
0,,
0,,
0,,
0,,
0,,
0,,
0,,
0,,
0,,
0,,
0,,
0,,
0,,
0,,
0,,
0,,
0,,
0,,
0,,
0,,
0,,
0,,
0,,
0,,
0,,
0,,
0,,
1,,
0,,
0,,
0,,
0,,
0,,
0,,
0,,
0,,
0,,
0,,
0,,
0,,
0,,
0,,
0,,
0,,
0,,
0,,
0,,
0,,
0,,
0,,
0,,
0,,
0,,
0,,
0,,
0,,
0,,
0,,
0,,
0,,
0,,
0,,
0,,
0,,
0,,
0,,
0,,
0,,
0,,
0,,
0,,
0,,
0,,
0,,
0,,
0,,
0,,
0,,
0,,
0,,
0,,
0,,
0,,
0,,
0,,
0,,
0,,
0,,
0,,
0,,
0,,
0,,
0,,
0,,
0,,
0,,
0,,
0,,
0,,
0,,
0,,
0,,
0,,
0,,
0,,
0,,
0,,
0,,
0,,
0,,
0,,
0,,
0,,
0,,
0,,
0,,
0,,
0,,
0,,
0,,
0,,
0,,
0,,
0,,
0,,
0,,
0,,
0,,
0,,
0,,
0,,
0,,
0,,
0,,
0,,
0,,
0,,
0,,
0,,
0,,
0,,
0,,
0,,
0,,
0,,
0,,
0,,
0,,
0,,
0,,
0,,
0,,
0,,
0,,
0,,
0,,
0,,
0,,
0,,
0,,
0,,
0,,
0,,
0,,
0,,
0,,
0,,
0,,
0,,
0,,
0,,
0,,
0,,
0,,
0,,
0,,
0,,
0,,
0,,
0,,
0,,
0,,
0,,
0,,
0,,
0,,
0,,
0,,
0,,
0,,
0,,
0,,
0,,
0,,
0,,
0,,
0,,
0,,
0,,
0,,
0,,
0,,
0,,
1,,
0,,
0,,
0,,
0,,
0,,
0,,
0,,
1,,
0,,
0,,
0,,
0,,
0,,
0,,
0,,
0,,
0,,
0,,
0,,
0,,
0,,
0,,
0,,
0,,
0,,
0,,
0,,
0,,
0,,
0,,
0,,
0,,
0,,
0,,
0,,
0,,
0,,
0,,
0,,
0,,
0,,
0,,
0,,
0,,
0,,
0,,
0,,
0,,
0,,
0,,
0,,
0,,
0,,
0,,
0,,
0,,
0,,
0,,
0,,
0,,
0,,
0,,
0,,
0,,
0,,
0,,
0,,
0,,
0,,
0,,
0,,
0,,
0,,
0,,
0,,
0,,
0,,
0,,
0,,
0,,
0,,
0,,
0,,
0,,
0,,
0,,
0,,
0,,
0,,
0,,
0,,
0,,
0,,
0,,
0,,
0,,
0,,
0,,
0,,
0,,
0,,
0,,
0,,
0,,
0,,
0,,
0,,
0,,
0,,
0,,
0,,
0,,
0,,
0,,
0,,
0,,
0,,
0,,
0,,
0,,
0,,
0,,
0,,
0,,
0,,
0,,
0,,
0,,
0,,
0,,
0,,
0,,
0,,
0,,
0,,
0,,
0,,
0,,
0,,
0,,
0,,
0,,
0,,
0,,
0,,
0,,
0,,
0,,
0,,
0,,
0,,
0,,
0,,
0,,
0,,
0,,
0,,
0,,
0,,
0,,
0,,
0,,
0,,
0,,
0,,
0,,
0,,
0,,
0,,
0,,
0,,
0,,
0,,
0,,
0,,
0,,
0,,
0,,
0,,
0,,
0,,
0,,
0,,
0,,
0,,
0,,
0,,
0,,
0,,
0,,
0,,
0,,
0,,
0,,
0,,
0,,
0,,
0,,
0,,
0,,
0,,
0,,
0,,
0,,
0,,
0,,
0,,
0,,
0,,
0,,
0,,
0,,
0,,
0,,
0,,
0,,
0,,
0,,
0,,
0,,
0,,
0,,
0,,
0,,
0,,
0,,
0,,
0,,
0,,
0,,
0,,
0,,
0,,
0,,
0,,
0,,
0,,
0,,
0,,
0,,
0,,
0,,
0,,
0,,
0,,
0,,
0,,
0,,
0,,
0,,
0,,
0,,
0,,
0,,
0,,
0,,
0,,
0,,
0,,
0,,
0,,
0,,
0,,
0,,
0,,
0,,
0,,
0,,
0,,
0,,
0,,
0,,
0,,
0,,
0,,
0,,
0,,
0,,
0,,
0,,
0,,
0,,
0,,
0,,
0,,
0,,
0,,
0,,
0,,
0,,
0,,
0,,
0,,
0,,
0,,
0,,
0,,
0,,
0,,
0,,
0,,
0,,
0,,
0,,
0,,
0,,
1,,
0,,
0,,
0,,
0,,
0,,
0,,
0,,
0,,
0,,
0,,
0,,
0,,
0,,
0,,
0,,
0,,
0,,
0,,
0,,
0,,
0,,
0,,
0,,
0,,
0,,
0,,
0,,
0,,
0,,
0,,
0,,
0,,
0,,
0,,
0,,
0,,
0,,
0,,
1,,
0,,
0,,
0,,
0,,
0,,
0,,
0,,
0,,
0,,
0,,
0,,
0,,
0,,
0,,
0,,
0,,
0,,
0,,
0,,
0,,
0,,
0,,
0,,
0,,
0,,
0,,
0,,
0,,
0,,
0,,
0,,
0,,
0,,
0,,
0,,
0,,
0,,
0,,
0,,
0,,
0,,
0,,
0,,
0,,
0,,
0,,
0,,
0,,
0,,
0,,
0,,
0,,
0,,
0,,
0,,
0,,
0,,
0,,
0,,
0,,
0,,
0,,
0,,
0,,
0,,
0,,
0,,
0,,
0,,
0,,
0,,
0,,
0,,
0,,
0,,
0,,
0,,
0,,
0,,
0,,
0,,
0,,
0,,
0,,
0,,
0,,
0,,
0,,
0,,
0,,
0,,
0,,
0,,
0,,
0,,
0,,
0,,
0,,
0,,
0,,
0,,
0,,
0,,
0,,
0,,
0,,
0,,
0,,
0,,
0,,
0,,
0,,
0,,
0,,
0,,
0,,
0,,
0,,
0,,
0,,
0,,
0,,
0,,
0,,
0,,
0,,
0,,
0,,
0,,
0,,
0,,
0,,
0,,
0,,
0,,
0,,
0,,
0,,
0,,
0,,
0,,
0,,
0,,
0,,
0,,
0,,
0,,
0,,
0,,
0,,
0,,
0,,
0,,
0,,
0,,
0,,
0,,
0,,
0,,
0,,
0,,
0,,
0,,
0,,
0,,
0,,
0,,
0,,
0,,
0,,
0,,
0,,
0,,
0,,
0,,
0,,
0,,
0,,
0,,
0,,
0,,
0,,
0,,
0,,
0,,
0,,
0,,
0,,
0,,
0,,
0,,
0,,
0,,
0,,
0,,
0,,
0,,
0,,
0,,
0,,
0,,
0,,
0,,
0,,
0,,
1,,
0,,
0,,
0,,
0,,
0,,
0,,
0,,
0,,
0,,
0,,
0,,
0,,
0,,
0,,
0,,
0,,
0,,
0,,
0,,
0,,
0,,
0,,
0,,
0,,
0,,
0,,
0,,
0,,
0,,
0,,
0,,
0,,
0,,
0,,
0,,
0,,
0,,
0,,
0,,
0,,
0,,
0,,
0,,
0,,
0,,
0,,
0,,
0,,
0,,
0,,
0,,
0,,
0,,
0,,
0,,
0,,
0,,
0,,
0,,
0,,
0,,
0,,
0,,
0,,
0,,
0,,
0,,
0,,
0,,
0,,
0,,
0,,
0,,
0,,
0,,
0,,
0,,
0,,
0,,
0,,
0,,
0,,
0,,
0,,
0,,
0,,
0,,
0,,
0,,
0,,
0,,
0,,
0,,
0,,
0,,
0,,
0,,
0,,
0,,
0,,
0,,
0,,
0,,
0,,
0,,
0,,
0,,
0,,
0,,
0,,
0,,
0,,
0,,
0,,
0,,
0,,
0,,
0,,
0,,
0,,
0,,
0,,
0,,
0,,
0,,
0,,
0,,
0,,
0,,
0,,
0,,
0,,
0,,
0,,
0,,
0,,
0,,
0,,
0,,
0,,
0,,
0,,
0,,
0,,
0,,
0,,
0,,
0,,
0,,
0,,
0,,
0,,
0,,
0,,
0,,
0,,
0,,
0,,
0,,
0,,
0,,
0,,
0,,
0,,
0,,
0,,
0,,
0,,
0,,
1,,
0,,
0,,
0,,
0,,
0,,
0,,
0,,
0,,
0,,
0,,
0,,
0,,
0,,
0,,
0,,
0,,
0,,
0,,
0,,
0,,
0,,
0,,
0,,
0,,
0,,
0,,
0,,
0,,
0,,
0,,
0,,
0,,
0,,
0,,
0,,
0,,
0,,
0,,
0,,
0,,
0,,
0,,
0,,
0,,
0,,
0,,
0,,
0,,
0,,
0,,
0,,
0,,
0,,
0,,
0,,
0,,
0,,
0,,
0,,
0,,
0,,
0,,
0,,
0,,
0,,
0,,
0,,
0,,
0,,
0,,
0,,
0,,
0,,
0,,
0,,
0,,
0,,
0,,
0,,
0,,
0,,
0,,
0,,
0,,
0,,
0,,
0,,
0,,
0,,
0,,
0,,
0,,
0,,
0,,
0,,
0,,
0,,
0,,
0,,
0,,
0,,
0,,
0,,
0,,
0,,
0,,
0,,
0,,
0,,
0,,
0,,
0,,
0,,
0,,
0,,
0,,
0,,
0,,
0,,
0,,
0,,
0,,
0,,
0,,
0,,
0,,
0,,
0,,
0,,
0,,
0,,
0,,
0,,
0,,
0,,
0,,
0,,
0,,
0,,
0,,
0,,
0,,
0,,
0,,
0,,
0,,
0,,
0,,
0,,
0,,
0,,
0,,
0,,
0,,
0,,
0,,
0,,
0,,
0,,
0,,
0,,
0,,
0,,
0,,
0,,
0,,
0,,
0,,
0,,
0,,
0,,
0,,
0,,
0,,
0,,
0,,
0,,
0,,
0,,
0,,
0,,
0,,
0,,
0,,
0,,
0,,
0,,
0,,
0,,
0,,
0,,
0,,
0,,
0,,
0,,
0,,
0,,
0,,
0,,
0,,
0,,
0,,
0,,
0,,
0,,
0,,
0,,
0,,
1,,
0,,
0,,
0,,
0,,
0,,
0,,
0,,
0,,
0,,
0,,
0,,
0,,
0,,
0,,
0,,
0,,
0,,
0,,
0,,
0,,
0,,
0,,
0,,
0,,
0,,
0,,
0,,
0,,
0,,
0,,
0,,
0,,
0,,
0,,
0,,
0,,
0,,
0,,
0,,
0,,
0,,
0,,
0,,
0,,
0,,
0,,
0,,
0,,
0,,
0,,
0,,
0,,
0,,
0,,
0,,
0,,
0,,
0,,
0,,
0,,
0,,
0,,
0,,
0,,
0,,
0,,
0,,
0,,
0,,
0,,
0,,
0,,
0,,
0,,
0,,
0,,
0,,
0,,
0,,
0,,
0,,
0,,
0,,
0,,
0,,
0,,
0,,
0,,
0,,
0,,
0,,
0,,
0,,
0,,
0,,
0,,
0,,
0,,
0,,
0,,
0,,
0,,
0,,
0,,
0,,
0,,
0,,
0,,
0,,
0,,
0,,
0,,
0,,
0,,
0,,
0,,
0,,
0,,
0,,
0,,
0,,
0,,
0,,
0,,
0,,
0,,
0,,
0,,
0,,
0,,
0,,
0,,
1,,
0,,
0,,
0,,
0,,
0,,
0,,
0,,
0,,
0,,
0,,
0,,
0,,
0,,
0,,
0,,
0,,
0,,
0,,
0,,
0,,
0,,
0,,
0,,
0,,
0,,
0,,
0,,
0,,
0,,
0,,
0,,
0,,
0,,
0,,
0,,
0,,
0,,
0,,
0,,
0,,
0,,
0,,
0,,
0,,
0,,
0,,
0,,
0,,
0,,
0,,
0,,
0,,
0,,
0,,
0,,
0,,
0,,
0,,
0,,
0,,
0,,
0,,
0,,
0,,
0,,
0,,
0,,
0,,
0,,
0,,
0,,
0,,
0,,
0,,
0,,
0,,
0,,
0,,
0,,
0,,
0,,
0,,
0,,
0,,
0,,
0,,
0,,
0,,
0,,
0,,
0,,
0,,
0,,
0,,
0,,
0,,
0,,
0,,
0,,
0,,
0,,
0,,
0,,
0,,
0,,
0,,
0,,
0,,
0,,
0,,
0,,
0,,
0,,
0,,
0,,
0,,
0,,
0,,
0,,
0,,
0,,
0,,
0,,
0,,
0,,
0,,
0,,
0,,
0,,
0,,
0,,
0,,
0,,
0,,
0,,
0,,
0,,
0,,
0,,
0,,
0,,
0,,
0,,
0,,
0,,
0,,
0,,
0,,
0,,
0,,
0,,
0,,
0,,
0,,
0,,
0,,
0,,
0,,
0,,
0,,
0,,
0,,
0,,
0,,
0,,
0,,
0,,
0,,
0,,
0,,
0,,
0,,
0,,
0,,
0,,
0,,
0,,
0,,
0,,
0,,
0,,
0,,
0,,
0,,
0,,
0,,
0,,
0,,
0,,
0,,
0,,
0,,
0,,
0,,
0,,
0,,
0,,
0,,
0,,
0,,
0,,
0,,
0,,
0,,
0,,
0,,
0,,
0,,
0,,
0,,
0,,
0,,
0,,
0,,
0,,
0,,
0,,
0,,
0,,
0,,
0,,
0,,
0,,
0,,
0,,
0,,
0,,
0,,
0,,
0,,
0,,
0,,
0,,
0,,
0,,
0,,
0,,
0,,
0,,
0,,
0,,
0,,
0,,
0,,
0,,
0,,
0,,
0,,
0,,
0,,
0,,
0,,
0,,
0,,
0,,
0,,
0,,
0,,
0,,
0,,
0,,
0,,
0,,
0,,
0,,
0,,
0,,
0,,
0,,
0,,
0,,
0,,
0,,
0,,
0,,
0,,
0,,
1,,
0,,
0,,
0,,
0,,
0,,
0,,
1,,
0,,
0,,
0,,
0,,
0,,
0,,
0,,
0,,
0,,
0,,
0,,
0,,
0,,
0,,
0,,
0,,
0,,
0,,
0,,
0,,
0,,
0,,
0,,
0,,
0,,
0,,
0,,
0,,
0,,
0,,
0,,
0,,
0,,
0,,
0,,
0,,
0,,
0,,
0,,
0,,
0,,
0,,
0,,
0,,
0,,
0,,
0,,
0,,
0,,
0,,
0,,
0,,
0,,
0,,
0,,
0,,
0,,
0,,
0,,
0,,
0,,
0,,
0,,
0,,
0,,
0,,
0,,
0,,
0,,
0,,
0,,
0,,
0,,
0,,
0,,
0,,
0,,
0,,
0,,
0,,
0,,
0,,
0,,
0,,
0,,
0,,
0,,
0,,
0,,
0,,
0,,
0,,
0,,
0,,
0,,
0,,
0,,
0,,
0,,
0,,
0,,
0,,
0,,
0,,
0,,
0,,
0,,
0,,
0,,
0,,
0,,
0,,
0,,
0,,
0,,
0,,
0,,
0,,
0,,
0,,
0,,
0,,
0,,
0,,
0,,
0,,
0,,
0,,
0,,
0,,
0,,
0,,
0,,
0,,
0,,
0,,
0,,
0,,
0,,
0,,
0,,
0,,
0,,
0,,
0,,
0,,
0,,
0,,
0,,
0,,
0,,
0,,
0,,
0,,
0,,
0,,
0,,
0,,
0,,
0,,
0,,
0,,
0,,
0,,
0,,
0,,
0,,
0,,
0,,
0,,
0,,
0,,
0,,
0,,
0,,
0,,
0,,
0,,
1,,
0,,
0,,
0,,
0,,
0,,
0,,
0,,
0,,
0,,
0,,
0,,
0,,
0,,
0,,
0,,
0,,
0,,
0,,
0,,
0,,
0,,
0,,
0,,
0,,
0,,
0,,
0,,
0,,
0,,
0,,
0,,
0,,
0,,
0,,
0,,
0,,
0,,
0,,
0,,
0,,
0,,
0,,
0,,
0,,
0,,
1,,
0,,
0,,
0,,
0,,
0,,
0,,
0,,
0,,
0,,
0,,
0,,
0,,
0,,
0,,
0,,
0,,
0,,
0,,
0,,
0,,
0,,
0,,
0,,
0,,
0,,
0,,
0,,
0,,
0,,
0,,
0,,
0,,
0,,
0,,
0,,
0,,
0,,
0,,
0,,
0,,
0,,
0,,
0,,
0,,
0,,
0,,
0,,
0,,
0,,
0,,
0,,
0,,
0,,
0,,
1,,
0,,
0,,
0,,
0,,
0,,
0,,
0,,
0,,
0,,
0,,
0,,
0,,
0,,
0,,
0,,
0,,
0,,
0,,
0,,
0,,
0,,
0,,
0,,
0,,
0,,
0,,
0,,
0,,
0,,
0,,
0,,
0,,
0,,
0,,
0,,
0,,
0,,
0,,
0,,
0,,
0,,
0,,
0,,
0,,
0,,
0,,
0,,
0,,
0,,
0,,
0,,
0,,
0,,
0,,
0,,
0,,
0,,
0,,
0,,
0,,
0,,
0,,
0,,
0,,
0,,
0,,
0,,
0,,
0,,
0,,
0,,
0,,
0,,
0,,
0,,
0,,
0,,
0,,
1,,
0,,
0,,
0,,
0,,
0,,
0,,
0,,
0,,
0,,
0,,
0,,
0,,
0,,
0,,
0,,
0,,
0,,
0,,
0,,
0,,
0,,
0,,
0,,
0,,
0,,
1,,
0,,
0,,
0,,
0,,
0,,
0,,
0,,
0,,
0,,
0,,
0,,
0,,
0,,
0,,
0,,
0,,
0,,
0,,
0,,
0,,
0,,
0,,
0,,
0,,
0,,
0,,
0,,
0,,
0,,
0,,
0,,
0,,
0,,
0,,
0,,
0,,
0,,
0,,
0,,
0,,
0,,
0,,
0,,
0,,
0,,
0,,
0,,
0,,
0,,
0,,
0,,
0,,
0,,
0,,
0,,
0,,
0,,
0,,
0,,
0,,
0,,
0,,
0,,
0,,
0,,
0,,
0,,
0,,
0,,
0,,
0,,
0,,
0,,
0,,
0,,
0,,
0,,
0,,
0,,
0,,
0,,
0,,
0,,
0,,
0,,
0,,
0,,
0,,
0,,
0,,
0,,
0,,
0,,
0,,
0,,
0,,
0,,
0,,
0,,
0,,
0,,
0,,
0,,
0,,
0,,
0,,
0,,
0,,
0,,
0,,
0,,
0,,
0,,
0,,
0,,
1,,
0,,
0,,
0,,
0,,
0,,
0,,
0,,
0,,
0,,
0,,
0,,
0,,
0,,
0,,
0,,
0,,
0,,
0,,
0,,
0,,
0,,
0,,
0,,
0,,
0,,
0,,
0,,
0,,
0,,
0,,
0,,
0,,
0,,
0,,
0,,
0,,
0,,
0,,
0,,
0,,
0,,
0,,
0,,
0,,
0,,
0,,
0,,
0,,
0,,
0,,
0,,
0,,
0,,
0,,
0,,
0,,
0,,
0,,
0,,
0,,
0,,
0,,
0,,
0,,
0,,
0,,
0,,
0,,
0,,
0,,
0,,
0,,
0,,
0,,
0,,
0,,
0,,
0,,
0,,
0,,
0,,
0,,
0,,
0,,
0,,
0,,
0,,
0,,
0,,
0,,
0,,
0,,
0,,
0,,
0,,
0,,
0,,
0,,
0,,
0,,
0,,
0,,
0,,
0,,
0,,
0,,
0,,
0,,
0,,
0,,
0,,
0,,
0,,
0,,
0,,
0,,
0,,
0,,
0,,
0,,
0,,
0,,
0,,
0,,
0,,
0,,
0,,
0,,
0,,
0,,
0,,
0,,
0,,
0,,
0,,
0,,
0,,
0,,
0,,
0,,
0,,
0,,
0,,
0,,
0,,
0,,
0,,
0,,
0,,
0,,
0,,
0,,
0,,
0,,
0,,
0,,
0,,
0,,
0,,
0,,
0,,
0,,
0,,
0,,
0,,
0,,
0,,
0,,
0,,
0,,
0,,
0,,
0,,
0,,
0,,
0,,
0,,
0,,
0,,
0,,
0,,
0,,
0,,
0,,
0,,
0,,
0,,
0,,
0,,
0,,
0,,
0,,
0,,
0,,
0,,
0,,
0,,
0,,
0,,
0,,
0,,
0,,
0,,
0,,
0,,
0,,
0,,
0,,
0,,
0,,
0,,
0,,
0,,
1,,
0,,
0,,
0,,
0,,
0,,
0,,
0,,
0,,
0,,
0,,
0,,
0,,
0,,
0,,
0,,
0,,
1,,
0,,
0,,
0,,
0,,
0,,
0,,
0,,
0,,
0,,
0,,
0,,
0,,
0,,
0,,
0,,
0,,
0,,
0,,
0,,
0,,
0,,
0,,
0,,
0,,
0,,
0,,
0,,
0,,
0,,
0,,
0,,
0,,
0,,
0,,
0,,
0,,
0,,
0,,
0,,
0,,
0,,
0,,
0,,
0,,
0,,
0,,
0,,
0,,
0,,
0,,
0,,
0,,
0,,
0,,
0,,
0,,
0,,
0,,
0,,
0,,
0,,
0,,
0,,
0,,
0,,
0,,
0,,
0,,
0,,
0,,
0,,
1,,
0,,
0,,
0,,
0,,
0,,
0,,
0,,
0,,
0,,
0,,
0,,
0,,
0,,
0,,
0,,
0,,
0,,
0,,
0,,
0,,
0,,
0,,
0,,
0,,
0,,
0,,
0,,
0,,
0,,
0,,
0,,
0,,
0,,
0,,
0,,
0,,
0,,
0,,
0,,
0,,
0,,
0,,
0,,
0,,
0,,
0,,
0,,
0,,
0,,
0,,
0,,
0,,
0,,
0,,
0,,
0,,
0,,
0,,
0,,
0,,
0,,
0,,
1,,
0,,
0,,
0,,
0,,
0,,
0,,
0,,
0,,
0,,
0,,
0,,
0,,
0,,
0,,
0,,
0,,
0,,
0,,
0,,
0,,
0,,
0,,
0,,
0,,
1,,
0,,
0,,
0,,
0,,
0,,
0,,
0,,
0,,
0,,
0,,
0,,
0,,
0,,
0,,
0,,
0,,
0,,
0,,
0,,
0,,
0,,
0,,
0,,
0,,
0,,
0,,
0,,
0,,
0,,
0,,
0,,
0,,
0,,
0,,
0,,
0,,
0,,
0,,
0,,
0,,
0,,
0,,
0,,
0,,
0,,
0,,
0,,
0,,
0,,
0,,
0,,
0,,
0,,
0,,
0,,
0,,
0,,
0,,
0,,
0,,
0,,
0,,
0,,
0,,
0,,
0,,
0,,
0,,
0,,
0,,
0,,
0,,
0,,
0,,
0,,
0,,
0,,
0,,
0,,
0,,
0,,
0,,
0,,
0,,
0,,
0,,
0,,
0,,
0,,
0,,
0,,
0,,
0,,
0,,
0,,
0,,
0,,
0,,
0,,
0,,
0,,
0,,
0,,
0,,
0,,
0,,
0,,
0,,
0,,
0,,
0,,
0,,
0,,
0,,
0,,
0,,
0,,
0,,
0,,
0,,
0,,
0,,
0,,
0,,
0,,
0,,
0,,
0,,
0,,
0,,
0,,
0,,
0,,
0,,
0,,
0,,
0,,
0,,
0,,
0,,
0,,
0,,
0,,
0,,
0,,
0,,
0,,
0,,
0,,
0,,
0,,
0,,
0,,
0,,
0,,
0,,
0,,
0,,
0,,
0,,
0,,
0,,
0,,
0,,
0,,
0,,
0,,
0,,
0,,
0,,
0,,
0,,
0,,
0,,
0,,
0,,
0,,
0,,
0,,
0,,
0,,
0,,
0,,
0,,
0,,
0,,
0,,
0,,
0,,
0,,
0,,
0,,
0,,
0,,
1,,
0,,
0,,
0,,
0,,
0,,
0,,
0,,
0,,
0,,
0,,
0,,
0,,
0,,
0,,
0,,
0,,
0,,
0,,
0,,
0,,
0,,
0,,
0,,
0,,
0,,
0,,
0,,
0,,
0,,
0,,
0,,
0,,
0,,
0,,
0,,
0,,
0,,
0,,
0,,
0,,
0,,
0,,
0,,
0,,
0,,
0,,
0,,
0,,
0,,
0,,
0,,
0,,
0,,
0,,
0,,
0,,
0,,
0,,
0,,
0,,
0,,
0,,
0,,
0,,
0,,
0,,
0,,
0,,
0,,
0,,
0,,
0,,
0,,
0,,
0,,
0,,
0,,
0,,
0,,
0,,
0,,
0,,
0,,
0,,
0,,
0,,
0,,
0,,
0,,
0,,
0,,
0,,
0,,
0,,
0,,
0,,
0,,
0,,
0,,
0,,
0,,
0,,
0,,
0,,
0,,
0,,
0,,
0,,
0,,
0,,
0,,
0,,
0,,
0,,
0,,
0,,
0,,
0,,
0,,
0,,
0,,
0,,
0,,
0,,
0,,
0,,
0,,
0,,
0,,
0,,
0,,
0,,
1,,
0,,
0,,
0,,
0,,
0,,
0,,
0,,
0,,
0,,
0,,
0,,
0,,
0,,
0,,
0,,
0,,
0,,
0,,
0,,
0,,
0,,
0,,
0,,
0,,
0,,
0,,
0,,
0,,
0,,
0,,
0,,
0,,
0,,
0,,
0,,
0,,
0,,
0,,
0,,
0,,
0,,
0,,
0,,
0,,
0,,
0,,
0,,
0,,
0,,
0,,
0,,
0,,
0,,
0,,
0,,
0,,
0,,
0,,
0,,
0,,
0,,
0,,
0,,
0,,
0,,
0,,
0,,
0,,
0,,
0,,
0,,
0,,
0,,
0,,
0,,
0,,
0,,
0,,
0,,
0,,
0,,
0,,
0,,
0,,
0,,
0,,
0,,
0,,
0,,
0,,
0,,
0,,
0,,
0,,
0,,
0,,
0,,
0,,
0,,
0,,
0,,
0,,
0,,
0,,
0,,
0,,
0,,
0,,
0,,
0,,
0,,
0,,
0,,
0,,
0,,
0,,
0,,
0,,
0,,
0,,
0,,
0,,
0,,
0,,
0,,
0,,
0,,
0,,
0,,
0,,
0,,
0,,
0,,
0,,
0,,
0,,
0,,
0,,
0,,
0,,
0,,
0,,
0,,
0,,
0,,
0,,
0,,
0,,
0,,
0,,
0,,
0,,
0,,
0,,
0,,
0,,
0,,
0,,
0,,
0,,
0,,
0,,
0,,
0,,
0,,
0,,
0,,
0,,
0,,
0,,
0,,
0,,
0,,
1,,
0,,
0,,
0,,
0,,
0,,
0,,
0,,
0,,
0,,
0,,
0,,
0,,
0,,
0,,
0,,
0,,
0,,
0,,
0,,
0,,
0,,
0,,
0,,
0,,
0,,
0,,
0,,
0,,
0,,
0,,
0,,
0,,
0,,
0,,
0,,
0,,
0,,
0,,
0,,
0,,
0,,
0,,
0,,
0,,
0,,
0,,
0,,
0,,
0,,
0,,
0,,
0,,
0,,
0,,
0,,
0,,
0,,
0,,
0,,
0,,
0,,
0,,
0,,
0,,
0,,
0,,
0,,
0,,
0,,
0,,
0,,
0,,
0,,
0,,
0,,
0,,
0,,
0,,
0,,
0,,
0,,
0,,
0,,
0,,
0,,
0,,
0,,
0,,
0,,
0,,
0,,
0,,
1,,
0,,
0,,
0,,
0,,
0,,
0,,
0,,
0,,
0,,
0,,
0,,
0,,
0,,
0,,
0,,
0,,
0,,
0,,
0,,
0,,
0,,
0,,
0,,
0,,
0,,
0,,
0,,
0,,
0,,
0,,
0,,
0,,
0,,
0,,
0,,
0,,
0,,
0,,
0,,
0,,
0,,
0,,
0,,
0,,
0,,
0,,
0,,
0,,
0,,
0,,
0,,
0,,
0,,
0,,
0,,
0,,
0,,
0,,
0,,
0,,
0,,
0,,
0,,
0,,
0,,
0,,
0,,
0,,
0,,
0,,
0,,
0,,
0,,
0,,
0,,
0,,
0,,
0,,
0,,
0,,
0,,
0,,
0,,
0,,
0,,
0,,
0,,
0,,
0,,
0,,
0,,
0,,
0,,
0,,
0,,
0,,
0,,
0,,
0,,
0,,
0,,
0,,
0,,
0,,
0,,
0,,
0,,
0,,
0,,
0,,
0,,
0,,
0,,
0,,
0,,
0,,
0,,
0,,
0,,
0,,
0,,
0,,
0,,
0,,
0,,
0,,
0,,
0,,
0,,
0,,
0,,
0,,
0,,
0,,
0,,
0,,
0,,
0,,
0,,
0,,
0,,
0,,
0,,
0,,
0,,
0,,
0,,
0,,
0,,
0,,
0,,
0,,
0,,
0,,
0,,
0,,
0,,
0,,
0,,
0,,
0,,
0,,
0,,
0,,
0,,
0,,
0,,
0,,
0,,
0,,
0,,
0,,
0,,
0,,
0,,
0,,
0,,
0,,
0,,
0,,
0,,
0,,
0,,
0,,
0,,
0,,
0,,
0,,
0,,
0,,
0,,
0,,
0,,
0,,
0,,
0,,
0,,
0,,
0,,
0,,
0,,
0,,
0,,
0,,
0,,
0,,
0,,
1,,
0,,
0,,
0,,
0,,
0,,
0,,
0,,
0,,
0,,
0,,
0,,
0,,
0,,
0,,
0,,
0,,
0,,
0,,
0,,
0,,
0,,
0,,
0,,
0,,
0,,
0,,
0,,
0,,
0,,
0,,
0,,
0,,
0,,
0,,
0,,
0,,
0,,
0,,
0,,
0,,
0,,
0,,
0,,
0,,
0,,
0,,
0,,
0,,
0,,
0,,
0,,
0,,
0,,
0,,
0,,
0,,
0,,
0,,
0,,
0,,
0,,
0,,
0,,
0,,
0,,
0,,
0,,
0,,
0,,
0,,
0,,
0,,
0,,
0,,
0,,
0,,
0,,
0,,
0,,
0,,
0,,
0,,
0,,
0,,
0,,
0,,
0,,
0,,
0,,
0,,
0,,
0,,
0,,
0,,
0,,
0,,
0,,
0,,
0,,
0,,
0,,
0,,
0,,
0,,
0,,
0,,
0,,
0,,
0,,
0,,
0,,
0,,
0,,
0,,
0,,
0,,
0,,
0,,
0,,
0,,
0,,
0,,
0,,
0,,
0,,
0,,
0,,
0,,
0,,
0,,
0,,
0,,
0,,
0,,
0,,
0,,
0,,
0,,
0,,
0,,
0,,
0,,
0,,
0,,
0,,
0,,
0,,
0,,
0,,
0,,
0,,
0,,
0,,
0,,
0,,
0,,
0,,
0,,
0,,
0,,
0,,
0,,
0,,
0,,
0,,
0,,
0,,
0,,
0,,
0,,
0,,
0,,
0,,
0,,
0,,
0,,
0,,
0,,
0,,
0,,
0,,
0,,
0,,
0,,
0,,
0,,
0,,
0,,
0,,
0,,
0,,
0,,
0,,
0,,
0,,
0,,
0,,
0,,
0,,
0,,
0,,
0,,
0,,
0,,
0,,
0,,
0,,
0,,
0,,
0,,
0,,
0,,
0,,
0,,
0,,
0,,
0,,
0,,
0,,
0,,
0,,
0,,
0,,
0,,
0,,
0,,
0,,
1,,
0,,
0,,
0,,
0,,
0,,
0,,
0,,
0,,
0,,
0,,
0,,
0,,
0,,
0,,
0,,
0,,
0,,
0,,
0,,
0,,
0,,
0,,
0,,
0,,
0,,
0,,
0,,
0,,
0,,
0,,
0,,
0,,
0,,
0,,
0,,
0,,
0,,
0,,
0,,
0,,
0,,
0,,
0,,
0,,
0,,
0,,
0,,
0,,
0,,
0,,
0,,
0,,
0,,
0,,
0,,
0,,
0,,
0,,
0,,
0,,
0,,
0,,
0,,
0,,
0,,
0,,
0,,
0,,
0,,
0,,
0,,
0,,
0,,
0,,
0,,
0,,
0,,
0,,
0,,
0,,
0,,
0,,
0,,
0,,
0,,
0,,
0,,
0,,
0,,
0,,
0,,
0,,
0,,
0,,
0,,
0,,
0,,
0,,
0,,
0,,
0,,
0,,
0,,
0,,
1,,
0,,
0,,
0,,
0,,
0,,
0,,
0,,
0,,
0,,
0,,
0,,
0,,
0,,
0,,
0,,
0,,
0,,
0,,
0,,
0,,
0,,
0,,
0,,
0,,
0,,
0,,
0,,
0,,
0,,
0,,
0,,
0,,
0,,
0,,
0,,
0,,
0,,
0,,
0,,
0,,
0,,
0,,
0,,
0,,
0,,
0,,
0,,
0,,
0,,
0,,
0,,
0,,
0,,
0,,
0,,
0,,
0,,
0,,
0,,
0,,
0,,
0,,
0,,
0,,
0,,
0,,
0,,
0,,
0,,
0,,
0,,
0,,
0,,
0,,
1,,
0,,
0,,
0,,
0,,
0,,
0,,
0,,
0,,
0,,
0,,
0,,
0,,
0,,
0,,
0,,
0,,
0,,
0,,
0,,
0,,
0,,
0,,
0,,
0,,
0,,
0,,
0,,
0,,
0,,
1,,
0,,
0,,
0,,
0,,
0,,
0,,
0,,
0,,
0,,
0,,
0,,
0,,
0,,
0,,
0,,
0,,
0,,
0,,
0,,
0,,
0,,
0,,
0,,
0,,
0,,
0,,
0,,
0,,
0,,
0,,
0,,
0,,
0,,
0,,
0,,
0,,
0,,
0,,
0,,
0,,
0,,
0,,
0,,
0,,
0,,
0,,
0,,
0,,
0,,
0,,
0,,
0,,
0,,
0,,
0,,
0,,
1,,
0,,
0,,
0,,
0,,
0,,
0,,
0,,
0,,
0,,
0,,
0,,
0,,
0,,
0,,
0,,
0,,
0,,
0,,
0,,
0,,
0,,
0,,
0,,
0,,
0,,
0,,
0,,
0,,
0,,
0,,
1,,
0,,
0,,
0,,
0,,
0,,
0,,
0,,
0,,
0,,
0,,
0,,
0,,
0,,
0,,
0,,
0,,
0,,
0,,
0,,
0,,
0,,
0,,
0,,
0,,
0,,
0,,
0,,
0,,
0,,
0,,
0,,
0,,
0,,
0,,
0,,
0,,
0,,
0,,
0,,
0,,
0,,
0,,
1,,
0,,
0,,
0,,
0,,
0,,
0,,
0,,
0,,
0,,
0,,
0,,
0,,
0,,
0,,
0,,
0,,
0,,
0,,
0,,
0,,
0,,
0,,
0,,
0,,
0,,
0,,
0,,
0,,
0,,
0,,
0,,
0,,
0,,
0,,
0,,
0,,
0,,
0,,
0,,
0,,
0,,
0,,
0,,
0,,
0,,
0,,
0,,
0,,
0,,
0,,
0,,
0,,
0,,
0,,
0,,
0,,
0,,
0,,
0,,
0,,
0,,
0,,
0,,
0,,
0,,
0,,
0,,
0,,
0,,
0,,
0,,
0,,
0,,
0,,
0,,
0,,
0,,
0,,
0,,
0,,
0,,
0,,
0,,
0,,
0,,
0,,
0,,
0,,
0,,
1,,
0,,
0,,
0,,
0,,
0,,
0,,
0,,
0,,
0,,
0,,
0,,
0,,
0,,
0,,
0,,
0,,
0,,
0,,
0,,
0,,
0,,
0,,
0,,
0,,
0,,
0,,
0,,
0,,
0,,
0,,
0,,
0,,
0,,
0,,
0,,
0,,
0,,
0,,
0,,
0,,
0,,
0,,
0,,
0,,
0,,
0,,
0,,
0,,
0,,
0,,
0,,
0,,
0,,
0,,
0,,
0,,
0,,
0,,
0,,
0,,
0,,
0,,
0,,
0,,
0,,
0,,
0,,
0,,
0,,
0,,
0,,
0,,
0,,
0,,
0,,
0,,
0,,
0,,
0,,
0,,
0,,
0,,
0,,
0,,
0,,
0,,
0,,
0,,
0,,
0,,
0,,
0,,
0,,
0,,
0,,
0,,
0,,
0,,
0,,
0,,
0,,
0,,
0,,
0,,
0,,
0,,
0,,
0,,
0,,
0,,
0,,
0,,
0,,
0,,
0,,
0,,
0,,
0,,
0,,
0,,
0,,
0,,
0,,
0,,
0,,
0,,
0,,
0,,
0,,
0,,
0,,
0,,
0,,
0,,
0,,
0,,
0,,
0,,
0,,
0,,
0,,
0,,
0,,
0,,
0,,
0,,
0,,
0,,
0,,
0,,
0,,
0,,
1,,
0,,
0,,
0,,
0,,
0,,
0,,
0,,
0,,
0,,
0,,
0,,
0,,
0,,
0,,
0,,
0,,
0,,
0,,
0,,
0,,
0,,
0,,
0,,
0,,
0,,
0,,
0,,
0,,
0,,
0,,
0,,
0,,
0,,
0,,
0,,
0,,
0,,
0,,
0,,
0,,
0,,
0,,
0,,
0,,
0,,
0,,
0,,
0,,
0,,
0,,
0,,
0,,
0,,
0,,
0,,
0,,
0,,
0,,
0,,
0,,
0,,
0,,
0,,
0,,
0,,
0,,
0,,
0,,
0,,
0,,
0,,
0,,
0,,
0,,
0,,
0,,
0,,
0,,
0,,
0,,
0,,
0,,
0,,
0,,
0,,
0,,
0,,
0,,
0,,
0,,
0,,
0,,
0,,
0,,
0,,
0,,
0,,
0,,
0,,
0,,
0,,
0,,
0,,
0,,
0,,
0,,
0,,
0,,
0,,
0,,
0,,
0,,
0,,
0,,
0,,
0,,
0,,
0,,
0,,
0,,
0,,
0,,
0,,
0,,
0,,
0,,
0,,
0,,
0,,
0,,
0,,
0,,
0,,
0,,
0,,
0,,
0,,
0,,
0,,
0,,
0,,
0,,
0,,
0,,
0,,
0,,
0,,
0,,
0,,
0,,
0,,
0,,
0,,
0,,
0,,
0,,
0,,
0,,
0,,
0,,
0,,
0,,
0,,
0,,
0,,
0,,
0,,
0,,
0,,
0,,
0,,
0,,
0,,
0,,
0,,
0,,
0,,
0,,
0,,
0,,
0,,
0,,
0,,
0,,
0,,
0,,
0,,
0,,
0,,
0,,
0,,
0,,
0,,
0,,
0,,
0,,
0,,
0,,
0,,
0,,
0,,
0,,
0,,
0,,
0,,
0,,
0,,
0,,
0,,
0,,
0,,
0,,
0,,
0,,
0,,
0,,
0,,
0,,
0,,
0,,
0,,
0,,
0,,
0,,
0,,
0,,
0,,
0,,
0,,
0,,
1,,
0,,
0,,
0,,
0,,
0,,
0,,
0,,
0,,
0,,
0,,
1,,
0,,
0,,
0,,
0,,
0,,
0,,
0,,
0,,
0,,
0,,
0,,
0,,
0,,
0,,
0,,
0,,
0,,
0,,
0,,
0,,
0,,
0,,
0,,
0,,
0,,
0,,
0,,
0,,
0,,
0,,
0,,
0,,
0,,
0,,
0,,
0,,
0,,
0,,
0,,
0,,
0,,
0,,
0,,
0,,
0,,
0,,
0,,
0,,
0,,
0,,
0,,
0,,
0,,
0,,
0,,
0,,
0,,
0,,
0,,
0,,
0,,
0,,
0,,
0,,
0,,
0,,
0,,
0,,
0,,
0,,
0,,
0,,
0,,
0,,
0,,
0,,
0,,
0,,
0,,
0,,
0,,
0,,
0,,
0,,
0,,
0,,
0,,
0,,
0,,
0,,
0,,
0,,
0,,
0,,
0,,
0,,
0,,
0,,
0,,
0,,
0,,
0,,
0,,
0,,
0,,
0,,
0,,
0,,
0,,
0,,
0,,
1,,
0,,
0,,
0,,
0,,
0,,
0,,
0,,
0,,
0,,
0,,
0,,
0,,
0,,
0,,
0,,
0,,
0,,
0,,
0,,
0,,
0,,
0,,
0,,
0,,
0,,
0,,
0,,
0,,
0,,
0,,
0,,
0,,
0,,
0,,
0,,
0,,
0,,
0,,
0,,
0,,
0,,
0,,
0,,
0,,
0,,
0,,
0,,
0,,
0,,
0,,
0,,
0,,
0,,
0,,
0,,
0,,
0,,
0,,
0,,
0,,
0,,
0,,
0,,
0,,
0,,
0,,
0,,
0,,
0,,
0,,
0,,
0,,
0,,
0,,
0,,
0,,
0,,
0,,
0,,
0,,
0,,
0,,
0,,
0,,
0,,
0,,
0,,
0,,
0,,
0,,
0,,
0,,
0,,
0,,
0,,
0,,
0,,
0,,
0,,
0,,
0,,
0,,
0,,
0,,
0,,
0,,
0,,
0,,
0,,
0,,
0,,
0,,
0,,
0,,
0,,
0,,
0,,
0,,
0,,
1,,
0,,
0,,
0,,
0,,
0,,
0,,
0,,
0,,
0,,
0,,
0,,
0,,
0,,
0,,
0,,
0,,
0,,
0,,
0,,
0,,
0,,
0,,
0,,
0,,
0,,
0,,
0,,
0,,
0,,
0,,
0,,
0,,
0,,
0,,
0,,
0,,
0,,
0,,
0,,
0,,
0,,
0,,
0,,
0,,
0,,
0,,
1,,
0,,
0,,
0,,
0,,
0,,
0,,
0,,
0,,
0,,
0,,
0,,
0,,
0,,
0,,
0,,
0,,
0,,
0,,
0,,
0,,
0,,
0,,
0,,
0,,
0,,
0,,
0,,
0,,
0,,
0,,
0,,
0,,
0,,
0,,
0,,
0,,
0,,
0,,
0,,
0,,
0,,
0,,
0,,
0,,
0,,
0,,
0,,
0,,
0,,
0,,
0,,
0,,
0,,
0,,
0,,
0,,
0,,
0,,
0,,
0,,
0,,
0,,
0,,
0,,
0,,
0,,
0,,
0,,
0,,
0,,
0,,
0,,
0,,
0,,
0,,
0,,
0,,
0,,
0,,
0,,
0,,
0,,
0,,
0,,
0,,
0,,
0,,
0,,
0,,
0,,
0,,
0,,
0,,
0,,
0,,
0,,
0,,
0,,
0,,
0,,
0,,
0,,
0,,
0,,
0,,
0,,
0,,
0,,
0,,
0,,
0,,
0,,
0,,
0,,
0,,
0,,
0,,
0,,
0,,
0,,
0,,
0,,
0,,
0,,
0,,
0,,
0,,
0,,
0,,
0,,
0,,
0,,
0,,
0,,
0,,
0,,
0,,
0,,
0,,
0,,
0,,
0,,
0,,
0,,
0,,
0,,
0,,
0,,
1,,
0,,
0,,
0,,
0,,
0,,
0,,
0,,
0,,
0,,
0,,
0,,
0,,
0,,
0,,
0,,
0,,
0,,
0,,
0,,
0,,
0,,
0,,
0,,
0,,
0,,
0,,
0,,
0,,
0,,
0,,
0,,
0,,
0,,
0,,
0,,
0,,
0,,
0,,
0,,
0,,
0,,
0,,
0,,
0,,
0,,
0,,
0,,
0,,
0,,
0,,
0,,
0,,
0,,
0,,
0,,
0,,
0,,
0,,
0,,
0,,
0,,
0,,
0,,
0,,
0,,
0,,
0,,
0,,
0,,
0,,
1,,
0,,
0,,
0,,
0,,
0,,
0,,
0,,
0,,
0,,
0,,
0,,
0,,
0,,
0,,
0,,
0,,
0,,
0,,
0,,
0,,
0,,
0,,
0,,
0,,
0,,
0,,
0,,
0,,
0,,
0,,
0,,
0,,
0,,
0,,
0,,
0,,
0,,
0,,
0,,
0,,
0,,
0,,
0,,
0,,
0,,
0,,
0,,
0,,
0,,
0,,
0,,
0,,
0,,
0,,
0,,
0,,
0,,
0,,
0,,
0,,
0,,
0,,
0,,
0,,
0,,
0,,
0,,
0,,
0,,
0,,
0,,
0,,
0,,
0,,
0,,
0,,
0,,
0,,
0,,
0,,
0,,
0,,
0,,
0,,
0,,
0,,
0,,
0,,
0,,
0,,
0,,
0,,
0,,
0,,
0,,
0,,
0,,
0,,
0,,
0,,
0,,
0,,
0,,
0,,
0,,
0,,
0,,
0,,
0,,
0,,
0,,
0,,
0,,
0,,
0,,
0,,
0,,
0,,
0,,
1,,
0,,
0,,
0,,
0,,
0,,
0,,
0,,
0,,
0,,
0,,
0,,
0,,
0,,
0,,
0,,
0,,
0,,
0,,
0,,
0,,
0,,
0,,
0,,
0,,
0,,
0,,
0,,
0,,
0,,
0,,
0,,
0,,
0,,
0,,
0,,
0,,
0,,
1,,
0,,
0,,
0,,
0,,
0,,
0,,
0,,
0,,
0,,
0,,
0,,
0,,
0,,
0,,
0,,
0,,
0,,
0,,
0,,
0,,
0,,
0,,
0,,
0,,
0,,
0,,
0,,
0,,
0,,
0,,
0,,
0,,
0,,
0,,
0,,
0,,
0,,
0,,
0,,
0,,
0,,
0,,
0,,
0,,
0,,
0,,
0,,
0,,
0,,
0,,
0,,
0,,
0,,
0,,
0,,
0,,
0,,
0,,
0,,
0,,
0,,
0,,
0,,
0,,
0,,
1,,
0,,
0,,
0,,
0,,
0,,
0,,
0,,
0,,
0,,
0,,
0,,
0,,
0,,
0,,
0,,
0,,
0,,
0,,
0,,
0,,
0,,
0,,
0,,
0,,
0,,
0,,
0,,
0,,
0,,
0,,
0,,
0,,
0,,
0,,
0,,
0,,
0,,
0,,
0,,
0,,
0,,
0,,
0,,
0,,
0,,
0,,
0,,
0,,
0,,
0,,
0,,
0,,
0,,
0,,
0,,
0,,
0,,
0,,
0,,
0,,
0,,
0,,
0,,
0,,
0,,
0,,
0,,
0,,
0,,
0,,
0,,
0,,
0,,
0,,
0,,
0,,
0,,
0,,
0,,
0,,
0,,
0,,
0,,
0,,
0,,
0,,
0,,
0,,
0,,
0,,
0,,
0,,
0,,
0,,
0,,
0,,
0,,
0,,
0,,
0,,
0,,
0,,
0,,
0,,
0,,
0,,
0,,
0,,
0,,
0,,
0,,
0,,
0,,
0,,
0,,
0,,
0,,
0,,
0,,
0,,
0,,
0,,
1,,
0,,
0,,
0,,
0,,
0,,
0,,
0,,
0,,
0,,
0,,
0,,
0,,
0,,
0,,
0,,
0,,
0,,
0,,
0,,
0,,
0,,
0,,
0,,
0,,
0,,
0,,
0,,
0,,
0,,
0,,
0,,
0,,
0,,
0,,
0,,
0,,
0,,
0,,
0,,
0,,
0,,
0,,
0,,
0,,
0,,
0,,
0,,
0,,
0,,
0,,
0,,
0,,
0,,
0,,
0,,
0,,
0,,
0,,
0,,
0,,
0,,
0,,
0,,
0,,
0,,
0,,
0,,
0,,
0,,
0,,
0,,
1,,
0,,
0,,
0,,
0,,
0,,
0,,
0,,
0,,
0,,
0,,
0,,
0,,
0,,
0,,
0,,
0,,
0,,
0,,
0,,
0,,
0,,
0,,
0,,
0,,
0,,
0,,
0,,
0,,
0,,
0,,
0,,
0,,
0,,
0,,
0,,
0,,
0,,
0,,
0,,
0,,
0,,
0,,
0,,
0,,
0,,
0,,
0,,
0,,
0,,
0,,
0,,
0,,
0,,
0,,
0,,
0,,
0,,
0,,
0,,
0,,
0,,
0,,
0,,
0,,
0,,
0,,
0,,
0,,
0,,
0,,
0,,
0,,
0,,
0,,
0,,
0,,
0,,
0,,
0,,
0,,
0,,
0,,
0,,
0,,
0,,
0,,
0,,
0,,
0,,
0,,
0,,
0,,
0,,
0,,
0,,
0,,
0,,
0,,
0,,
0,,
0,,
0,,
0,,
0,,
0,,
0,,
0,,
0,,
0,,
0,,
0,,
0,,
0,,
0,,
0,,
0,,
0,,
0,,
0,,
0,,
0,,
0,,
0,,
0,,
0,,
0,,
0,,
0,,
0,,
0,,
0,,
0,,
0,,
0,,
0,,
0,,
0,,
0,,
0,,
0,,
0,,
0,,
0,,
0,,
0,,
0,,
0,,
0,,
0,,
0,,
0,,
0,,
0,,
0,,
0,,
0,,
0,,
0,,
0,,
0,,
0,,
0,,
0,,
0,,
0,,
0,,
0,,
0,,
0,,
0,,
0,,
0,,
0,,
0,,
0,,
0,,
0,,
0,,
0,,
0,,
0,,
0,,
0,,
0,,
0,,
0,,
0,,
0,,
0,,
0,,
0,,
0,,
0,,
0,,
0,,
0,,
0,,
0,,
0,,
0,,
0,,
0,,
0,,
0,,
0,,
0,,
0,,
0,,
0,,
0,,
0,,
0,,
0,,
0,,
0,,
0,,
0,,
0,,
0,,
0,,
0,,
0,,
0,,
0,,
0,,
0,,
0,,
0,,
0,,
0,,
0,,
0,,
0,,
0,,
1,,
0,,
0,,
0,,
0,,
0,,
0,,
0,,
0,,
0,,
0,,
0,,
0,,
0,,
0,,
0,,
0,,
0,,
0,,
0,,
0,,
0,,
0,,
0,,
0,,
0,,
0,,
0,,
0,,
0,,
0,,
0,,
0,,
0,,
0,,
0,,
0,,
0,,
0,,
0,,
0,,
0,,
0,,
0,,
0,,
0,,
0,,
0,,
0,,
0,,
0,,
0,,
0,,
0,,
0,,
0,,
0,,
0,,
0,,
0,,
0,,
0,,
0,,
0,,
0,,
0,,
0,,
0,,
0,,
0,,
0,,
0,,
0,,
0,,
0,,
0,,
0,,
0,,
0,,
0,,
0,,
0,,
0,,
0,,
0,,
0,,
0,,
0,,
0,,
0,,
0,,
0,,
0,,
0,,
1,,
0,,
0,,
0,,
0,,
0,,
0,,
0,,
0,,
0,,
0,,
0,,
0,,
0,,
0,,
0,,
0,,
0,,
0,,
0,,
0,,
0,,
0,,
0,,
0,,
0,,
0,,
0,,
0,,
0,,
0,,
0,,
0,,
0,,
0,,
0,,
0,,
0,,
0,,
0,,
0,,
0,,
0,,
0,,
0,,
0,,
0,,
0,,
0,,
0,,
0,,
0,,
0,,
0,,
0,,
0,,
0,,
0,,
0,,
0,,
0,,
0,,
0,,
0,,
0,,
0,,
0,,
0,,
0,,
0,,
0,,
0,,
0,,
0,,
0,,
0,,
0,,
0,,
0,,
0,,
0,,
0,,
0,,
0,,
0,,
0,,
0,,
0,,
0,,
0,,
0,,
0,,
0,,
0,,
0,,
0,,
0,,
0,,
0,,
0,,
0,,
0,,
0,,
0,,
0,,
0,,
0,,
0,,
0,,
0,,
0,,
0,,
0,,
0,,
0,,
1,,
0,,
0,,
0,,
0,,
0,,
0,,
0,,
0,,
0,,
0,,
0,,
0,,
0,,
0,,
0,,
0,,
0,,
0,,
0,,
0,,
0,,
0,,
0,,
0,,
0,,
0,,
0,,
0,,
0,,
0,,
0,,
0,,
0,,
0,,
0,,
0,,
0,,
0,,
0,,
0,,
0,,
0,,
0,,
0,,
0,,
0,,
0,,
0,,
0,,
0,,
0,,
0,,
0,,
0,,
0,,
0,,
0,,
0,,
0,,
0,,
0,,
0,,
0,,
0,,
0,,
0,,
0,,
0,,
0,,
0,,
0,,
0,,
0,,
0,,
0,,
0,,
0,,
0,,
0,,
0,,
0,,
0,,
0,,
0,,
0,,
0,,
0,,
0,,
0,,
0,,
0,,
0,,
0,,
0,,
0,,
0,,
0,,
0,,
0,,
0,,
0,,
0,,
0,,
0,,
0,,
0,,
0,,
0,,
0,,
0,,
0,,
0,,
0,,
0,,
0,,
0,,
0,,
0,,
0,,
0,,
0,,
0,,
0,,
0,,
0,,
0,,
0,,
0,,
0,,
0,,
0,,
0,,
0,,
0,,
0,,
0,,
0,,
0,,
0,,
0,,
0,,
0,,
0,,
0,,
0,,
0,,
0,,
0,,
0,,
0,,
0,,
0,,
0,,
0,,
0,,
0,,
0,,
0,,
0,,
0,,
0,,
0,,
0,,
0,,
0,,
0,,
0,,
0,,
0,,
0,,
0,,
0,,
0,,
0,,
0,,
0,,
0,,
0,,
0,,
0,,
0,,
0,,
0,,
0,,
0,,
0,,
0,,
0,,
0,,
0,,
0,,
0,,
0,,
0,,
0,,
0,,
0,,
0,,
0,,
0,,
0,,
1,,
0,,
0,,
0,,
0,,
0,,
0,,
0,,
0,,
0,,
0,,
0,,
0,,
0,,
0,,
0,,
0,,
0,,
0,,
0,,
0,,
0,,
0,,
0,,
0,,
0,,
0,,
0,,
0,,
0,,
0,,
0,,
0,,
0,,
0,,
0,,
0,,
0,,
0,,
0,,
0,,
0,,
0,,
0,,
0,,
0,,
0,,
0,,
0,,
0,,
0,,
0,,
0,,
0,,
0,,
0,,
0,,
0,,
1,,
0,,
0,,
0,,
0,,
0,,
0,,
0,,
0,,
0,,
0,,
0,,
0,,
0,,
0,,
0,,
0,,
0,,
0,,
0,,
0,,
0,,
0,,
0,,
0,,
0,,
0,,
0,,
0,,
0,,
0,,
0,,
0,,
0,,
0,,
0,,
0,,
0,,
0,,
0,,
0,,
0,,
0,,
0,,
0,,
0,,
0,,
0,,
0,,
0,,
0,,
0,,
0,,
0,,
0,,
0,,
0,,
0,,
0,,
0,,
0,,
0,,
0,,
0,,
0,,
0,,
0,,
0,,
0,,
0,,
0,,
0,,
0,,
0,,
0,,
0,,
0,,
0,,
0,,
0,,
0,,
0,,
0,,
0,,
0,,
0,,
0,,
0,,
0,,
0,,
0,,
0,,
0,,
0,,
0,,
0,,
0,,
0,,
0,,
0,,
0,,
0,,
0,,
0,,
0,,
0,,
0,,
0,,
0,,
0,,
0,,
0,,
0,,
0,,
0,,
0,,
0,,
0,,
0,,
0,,
0,,
0,,
0,,
0,,
0,,
0,,
0,,
0,,
0,,
0,,
0,,
0,,
0,,
0,,
0,,
0,,
0,,
0,,
0,,
0,,
0,,
1,,
0,,
0,,
0,,
0,,
0,,
0,,
0,,
0,,
0,,
0,,
0,,
0,,
0,,
0,,
0,,
0,,
0,,
0,,
0,,
0,,
0,,
0,,
0,,
0,,
0,,
0,,
0,,
0,,
0,,
0,,
0,,
0,,
0,,
0,,
0,,
0,,
0,,
0,,
0,,
0,,
0,,
0,,
0,,
0,,
0,,
0,,
0,,
0,,
0,,
0,,
0,,
0,,
0,,
0,,
0,,
0,,
0,,
0,,
0,,
0,,
0,,
0,,
0,,
0,,
0,,
0,,
0,,
0,,
0,,
0,,
0,,
0,,
0,,
0,,
0,,
0,,
0,,
0,,
0,,
0,,
0,,
0,,
0,,
0,,
0,,
0,,
0,,
0,,
0,,
0,,
0,,
0,,
1,,
0,,
0,,
0,,
0,,
0,,
0,,
0,,
0,,
0,,
0,,
0,,
0,,
0,,
0,,
0,,
0,,
0,,
0,,
0,,
0,,
0,,
0,,
0,,
0,,
0,,
0,,
0,,
0,,
0,,
0,,
0,,
0,,
0,,
0,,
0,,
0,,
0,,
0,,
0,,
0,,
0,,
0,,
0,,
0,,
0,,
0,,
0,,
0,,
0,,
0,,
0,,
0,,
0,,
0,,
0,,
0,,
0,,
0,,
0,,
0,,
0,,
0,,
0,,
0,,
0,,
0,,
0,,
0,,
0,,
0,,
0,,
0,,
0,,
0,,
0,,
0,,
0,,
0,,
0,,
0,,
0,,
0,,
0,,
0,,
0,,
0,,
0,,
0,,
0,,
0,,
0,,
0,,
0,,
0,,
0,,
0,,
0,,
0,,
0,,
0,,
0,,
0,,
0,,
0,,
0,,
0,,
0,,
0,,
0,,
0,,
0,,
0,,
0,,
0,,
0,,
0,,
0,,
0,,
0,,
0,,
0,,
0,,
0,,
0,,
0,,
0,,
0,,
0,,
0,,
0,,
0,,
0,,
0,,
0,,
0,,
0,,
0,,
0,,
0,,
0,,
0,,
0,,
0,,
0,,
0,,
0,,
0,,
0,,
0,,
0,,
0,,
0,,
0,,
0,,
0,,
0,,
0,,
0,,
0,,
0,,
0,,
0,,
0,,
1,,
0,,
0,,
0,,
0,,
0,,
0,,
0,,
0,,
1,,
0,,
0,,
0,,
0,,
0,,
0,,
0,,
0,,
0,,
0,,
0,,
1,,
0,,
0,,
0,,
0,,
0,,
0,,
0,,
0,,
0,,
0,,
0,,
0,,
0,,
0,,
0,,
0,,
0,,
0,,
0,,
0,,
0,,
0,,
0,,
0,,
0,,
0,,
0,,
0,,
0,,
0,,
0,,
0,,
0,,
0,,
0,,
0,,
0,,
0,,
0,,
0,,
0,,
0,,
0,,
0,,
0,,
0,,
0,,
0,,
0,,
0,,
0,,
0,,
0,,
0,,
0,,
0,,
0,,
0,,
0,,
0,,
0,,
0,,
0,,
0,,
0,,
0,,
0,,
0,,
0,,
0,,
0,,
0,,
0,,
0,,
0,,
0,,
0,,
0,,
0,,
0,,
0,,
0,,
0,,
0,,
0,,
0,,
0,,
0,,
0,,
0,,
0,,
0,,
0,,
0,,
0,,
0,,
0,,
0,,
0,,
0,,
0,,
0,,
0,,
0,,
0,,
0,,
0,,
0,,
0,,
0,,
0,,
0,,
0,,
0,,
0,,
0,,
0,,
0,,
0,,
0,,
0,,
0,,
0,,
0,,
0,,
0,,
0,,
0,,
0,,
0,,
0,,
0,,
0,,
0,,
0,,
0,,
0,,
0,,
0,,
0,,
0,,
0,,
0,,
0,,
0,,
0,,
0,,
0,,
0,,
0,,
0,,
0,,
0,,
0,,
0,,
0,,
0,,
0,,
0,,
0,,
0,,
0,,
0,,
0,,
0,,
0,,
0,,
0,,
0,,
0,,
0,,
0,,
0,,
0,,
0,,
0,,
0,,
0,,
0,,
0,,
0,,
0,,
0,,
0,,
0,,
0,,
0,,
0,,
0,,
0,,
0,,
0,,
0,,
0,,
0,,
0,,
0,,
0,,
0,,
0,,
0,,
0,,
0,,
0,,
0,,
0,,
0,,
0,,
0,,
0,,
0,,
0,,
0,,
0,,
0,,
0,,
0,,
0,,
0,,
0,,
0,,
0,,
0,,
0,,
0,,
0,,
0,,
0,,
0,,
0,,
0,,
0,,
0,,
0,,
0,,
0,,
0,,
0,,
0,,
0,,
0,,
0,,
0,,
0,,
0,,
0,,
0,,
0,,
0,,
0,,
0,,
0,,
0,,
0,,
0,,
0,,
0,,
0,,
0,,
0,,
0,,
0,,
0,,
0,,
0,,
0,,
0,,
0,,
0,,
0,,
0,,
0,,
0,,
0,,
0,,
0,,
0,,
0,,
0,,
0,,
0,,
0,,
0,,
0,,
0,,
0,,
0,,
0,,
0,,
0,,
0,,
0,,
0,,
0,,
0,,
0,,
0,,
0,,
0,,
0,,
0,,
0,,
0,,
0,,
0,,
1,,
0,,
0,,
0,,
0,,
0,,
0,,
0,,
0,,
0,,
0,,
0,,
0,,
0,,
0,,
1,,
0,,
0,,
0,,
0,,
0,,
0,,
0,,
0,,
0,,
0,,
0,,
0,,
0,,
0,,
0,,
0,,
0,,
0,,
0,,
0,,
0,,
1,,
0,,
0,,
0,,
0,,
0,,
0,,
0,,
0,,
0,,
0,,
0,,
0,,
0,,
0,,
0,,
0,,
0,,
0,,
0,,
0,,
0,,
0,,
0,,
0,,
0,,
0,,
0,,
0,,
0,,
0,,
0,,
0,,
0,,
0,,
0,,
1,,
0,,
0,,
0,,
0,,
0,,
0,,
0,,
0,,
0,,
0,,
0,,
0,,
0,,
0,,
0,,
0,,
0,,
0,,
0,,
0,,
0,,
0,,
0,,
0,,
0,,
0,,
0,,
0,,
0,,
0,,
0,,
0,,
0,,
0,,
0,,
0,,
0,,
0,,
0,,
0,,
0,,
0,,
0,,
0,,
0,,
0,,
0,,
0,,
0,,
0,,
0,,
0,,
0,,
0,,
0,,
0,,
0,,
0,,
0,,
0,,
0,,
0,,
0,,
0,,
1,,
0,,
0,,
0,,
0,,
0,,
0,,
0,,
0,,
0,,
0,,
0,,
0,,
0,,
0,,
0,,
0,,
0,,
0,,
0,,
0,,
0,,
0,,
0,,
0,,
0,,
0,,
0,,
0,,
0,,
0,,
0,,
0,,
0,,
0,,
0,,
0,,
0,,
0,,
0,,
0,,
0,,
0,,
0,,
0,,
0,,
0,,
0,,
0,,
0,,
0,,
0,,
0,,
0,,
0,,
0,,
0,,
0,,
0,,
0,,
0,,
0,,
0,,
0,,
0,,
0,,
0,,
0,,
0,,
0,,
0,,
0,,
0,,
0,,
0,,
0,,
0,,
0,,
0,,
0,,
0,,
0,,
0,,
0,,
0,,
0,,
0,,
0,,
0,,
0,,
0,,
0,,
0,,
0,,
0,,
0,,
0,,
0,,
0,,
0,,
0,,
0,,
0,,
0,,
0,,
0,,
0,,
0,,
0,,
0,,
0,,
0,,
0,,
0,,
0,,
0,,
0,,
0,,
0,,
0,,
0,,
0,,
0,,
0,,
0,,
0,,
0,,
0,,
0,,
0,,
0,,
0,,
0,,
0,,
0,,
0,,
0,,
0,,
0,,
0,,
0,,
0,,
0,,
0,,
0,,
0,,
0,,
0,,
0,,
0,,
0,,
0,,
0,,
0,,
0,,
0,,
0,,
0,,
0,,
0,,
0,,
0,,
0,,
0,,
0,,
0,,
0,,
0,,
0,,
0,,
0,,
0,,
0,,
0,,
0,,
0,,
0,,
0,,
0,,
0,,
0,,
0,,
0,,
0,,
0,,
0,,
0,,
0,,
0,,
0,,
0,,
0,,
0,,
0,,
0,,
0,,
0,,
0,,
0,,
0,,
0,,
0,,
0,,
0,,
0,,
0,,
0,,
0,,
0,,
0,,
0,,
0,,
0,,
0,,
0,,
0,,
0,,
0,,
0,,
0,,
0,,
0,,
0,,
0,,
0,,
0,,
0,,
0,,
0,,
0,,
0,,
0,,
0,,
0,,
0,,
0,,
0,,
0,,
0,,
0,,
0,,
0,,
0,,
0,,
0,,
0,,
0,,
0,,
0,,
0,,
0,,
0,,
0,,
0,,
0,,
0,,
0,,
0,,
0,,
0,,
0,,
0,,
0,,
0,,
0,,
0,,
0,,
0,,
0,,
0,,
0,,
0,,
0,,
0,,
0,,
0,,
0,,
0,,
0,,
0,,
0,,
0,,
0,,
0,,
0,,
0,,
0,,
0,,
0,,
0,,
0,,
0,,
0,,
0,,
0,,
0,,
0,,
0,,
0,,
0,,
0,,
0,,
0,,
0,,
0,,
0,,
0,,
0,,
0,,
0,,
0,,
0,,
0,,
0,,
0,,
0,,
0,,
0,,
0,,
0,,
0,,
0,,
0,,
0,,
0,,
0,,
0,,
0,,
0,,
0,,
0,,
0,,
0,,
0,,
0,,
0,,
0,,
0,,
0,,
0,,
0,,
0,,
0,,
0,,
0,,
0,,
0,,
0,,
0,,
0,,
0,,
0,,
0,,
0,,
0,,
0,,
0,,
0,,
0,,
0,,
0,,
0,,
0,,
0,,
0,,
0,,
0,,
1,,
0,,
0,,
0,,
0,,
0,,
0,,
0,,
0,,
0,,
0,,
0,,
0,,
0,,
0,,
0,,
0,,
0,,
0,,
0,,
0,,
0,,
0,,
0,,
0,,
0,,
0,,
0,,
0,,
0,,
0,,
0,,
0,,
0,,
0,,
0,,
0,,
0,,
0,,
0,,
0,,
0,,
0,,
0,,
0,,
0,,
0,,
0,,
0,,
0,,
0,,
0,,
0,,
0,,
0,,
0,,
0,,
0,,
0,,
0,,
0,,
0,,
0,,
0,,
0,,
0,,
0,,
0,,
0,,
0,,
0,,
0,,
0,,
0,,
0,,
0,,
0,,
0,,
0,,
0,,
0,,
0,,
0,,
0,,
0,,
0,,
0,,
0,,
0,,
0,,
0,,
0,,
0,,
0,,
1,,
0,,
0,,
0,,
0,,
0,,
0,,
0,,
0,,
0,,
0,,
0,,
0,,
0,,
0,,
0,,
0,,
0,,
0,,
0,,
0,,
0,,
0,,
0,,
0,,
0,,
0,,
0,,
0,,
0,,
0,,
0,,
0,,
0,,
0,,
0,,
0,,
0,,
0,,
0,,
0,,
0,,
0,,
0,,
0,,
0,,
0,,
0,,
0,,
0,,
0,,
0,,
0,,
0,,
0,,
0,,
0,,
0,,
0,,
0,,
0,,
0,,
0,,
0,,
0,,
0,,
0,,
0,,
0,,
0,,
0,,
0,,
0,,
0,,
0,,
0,,
0,,
0,,
0,,
0,,
0,,
0,,
0,,
0,,
0,,
0,,
0,,
0,,
0,,
0,,
0,,
0,,
0,,
0,,
0,,
0,,
0,,
0,,
0,,
0,,
0,,
0,,
0,,
0,,
0,,
0,,
0,,
0,,
0,,
0,,
0,,
0,,
0,,
0,,
0,,
0,,
0,,
0,,
0,,
0,,
0,,
0,,
0,,
0,,
0,,
0,,
0,,
0,,
0,,
1,,
0,,
0,,
0,,
0,,
0,,
0,,
0,,
0,,
0,,
0,,
0,,
0,,
0,,
0,,
0,,
0,,
0,,
0,,
0,,
0,,
0,,
0,,
0,,
0,,
0,,
0,,
0,,
0,,
0,,
0,,
0,,
0,,
0,,
0,,
0,,
0,,
0,,
0,,
0,,
0,,
0,,
0,,
0,,
0,,
0,,
0,,
0,,
0,,
0,,
0,,
0,,
0,,
0,,
0,,
0,,
0,,
0,,
0,,
0,,
0,,
0,,
0,,
0,,
0,,
0,,
1,,
0,,
0,,
0,,
0,,
0,,
0,,
0,,
0,,
0,,
0,,
0,,
0,,
0,,
0,,
0,,
0,,
0,,
0,,
0,,
0,,
0,,
0,,
0,,
0,,
0,,
0,,
0,,
0,,
0,,
0,,
0,,
0,,
0,,
0,,
0,,
0,,
0,,
0,,
0,,
0,,
0,,
0,,
0,,
0,,
0,,
0,,
0,,
0,,
0,,
0,,
0,,
0,,
0,,
0,,
0,,
0,,
0,,
0,,
0,,
0,,
0,,
0,,
0,,
0,,
0,,
0,,
0,,
0,,
0,,
0,,
0,,
0,,
0,,
0,,
0,,
0,,
0,,
0,,
0,,
0,,
0,,
0,,
0,,
0,,
0,,
0,,
0,,
0,,
0,,
0,,
0,,
0,,
0,,
0,,
0,,
0,,
0,,
0,,
0,,
0,,
0,,
0,,
0,,
0,,
0,,
0,,
0,,
0,,
0,,
0,,
0,,
0,,
0,,
0,,
0,,
0,,
0,,
0,,
0,,
0,,
0,,
0,,
0,,
0,,
0,,
0,,
0,,
0,,
0,,
0,,
0,,
0,,
0,,
0,,
0,,
0,,
0,,
0,,
0,,
0,,
0,,
0,,
0,,
0,,
0,,
0,,
0,,
0,,
0,,
0,,
0,,
0,,
0,,
0,,
0,,
0,,
0,,
0,,
0,,
0,,
0,,
0,,
0,,
0,,
0,,
0,,
0,,
0,,
0,,
0,,
0,,
0,,
0,,
0,,
0,,
0,,
0,,
0,,
0,,
0,,
0,,
0,,
0,,
0,,
0,,
0,,
0,,
0,,
0,,
0,,
0,,
0,,
0,,
0,,
0,,
0,,
0,,
0,,
0,,
0,,
0,,
0,,
0,,
0,,
0,,
0,,
0,,
0,,
0,,
0,,
0,,
0,,
0,,
0,,
0,,
0,,
0,,
0,,
0,,
0,,
0,,
0,,
0,,
0,,
0,,
0,,
0,,
0,,
0,,
0,,
0,,
0,,
0,,
0,,
0,,
0,,
0,,
0,,
0,,
0,,
0,,
0,,
0,,
0,,
0,,
0,,
0,,
0,,
0,,
0,,
0,,
0,,
0,,
0,,
0,,
0,,
0,,
0,,
0,,
0,,
0,,
0,,
0,,
0,,
0,,
0,,
0,,
0,,
0,,
0,,
0,,
0,,
0,,
0,,
0,,
0,,
0,,
0,,
0,,
0,,
0,,
0,,
0,,
0,,
0,,
0,,
0,,
0,,
0,,
0,,
0,,
0,,
0,,
0,,
0,,
0,,
0,,
0,,
0,,
0,,
0,,
0,,
0,,
0,,
0,,
0,,
0,,
0,,
0,,
0,,
0,,
0,,
0,,
0,,
0,,
0,,
0,,
0,,
0,,
0,,
0,,
0,,
0,,
0,,
0,,
0,,
0,,
0,,
0,,
0,,
0,,
0,,
0,,
0,,
0,,
0,,
0,,
0,,
0,,
0,,
0,,
0,,
0,,
0,,
0,,
0,,
0,,
0,,
0,,
0,,
0,,
0,,
0,,
0,,
0,,
0,,
0,,
0,,
0,,
0,,
0,,
0,,
0,,
0,,
0,,
0,,
0,,
0,,
0,,
0,,
0,,
0,,
0,,
0,,
0,,
0,,
0,,
0,,
0,,
0,,
0,,
0,,
0,,
0,,
0,,
0,,
0,,
0,,
0,,
0,,
0,,
0,,
0,,
0,,
0,,
0,,
0,,
0,,
0,,
0,,
0,,
0,,
0,,
0,,
0,,
0,,
0,,
0,,
0,,
0,,
0,,
0,,
0,,
0,,
0,,
0,,
0,,
0,,
0,,
0,,
0,,
0,,
0,,
0,,
0,,
0,,
0,,
0,,
0,,
0,,
0,,
0,,
0,,
0,,
0,,
0,,
0,,
0,,
0,,
0,,
0,,
0,,
0,,
0,,
0,,
0,,
0,,
0,,
0,,
0,,
0,,
0,,
0,,
0,,
0,,
0,,
0,,
0,,
0,,
0,,
0,,
0,,
0,,
0,,
0,,
0,,
0,,
0,,
0,,
0,,
0,,
0,,
0,,
0,,
0,,
0,,
0,,
0,,
0,,
0,,
0,,
0,,
0,,
0,,
0,,
0,,
0,,
0,,
0,,
0,,
0,,
0,,
0,,
0,,
0,,
0,,
0,,
0,,
0,,
0,,
0,,
0,,
0,,
0,,
0,,
0,,
0,,
0,,
0,,
0,,
0,,
0,,
0,,
0,,
0,,
0,,
0,,
0,,
0,,
0,,
0,,
0,,
0,,
0,,
0,,
0,,
0,,
0,,
0,,
0,,
0,,
0,,
0,,
0,,
0,,
0,,
0,,
0,,
0,,
0,,
0,,
0,,
0,,
0,,
0,,
0,,
0,,
0,,
0,,
0,,
0,,
0,,
0,,
0,,
0,,
0,,
0,,
0,,
0,,
0,,
0,,
0,,
0,,
0,,
0,,
0,,
0,,
0,,
0,,
0,,
0,,
0,,
0,,
0,,
0,,
0,,
0,,
0,,
0,,
0,,
0,,
0,,
0,,
0,,
0,,
0,,
0,,
0,,
0,,
0,,
0,,
0,,
0,,
0,,
0,,
0,,
0,,
0,,
0,,
0,,
0,,
0,,
0,,
0,,
0,,
0,,
0,,
0,,
0,,
0,,
0,,
0,,
0,,
0,,
0,,
0,,
0,,
0,,
0,,
0,,
0,,
0,,
0,,
0,,
0,,
0,,
0,,
0,,
0,,
0,,
0,,
0,,
0,,
0,,
0,,
0,,
0,,
0,,
0,,
0,,
0,,
0,,
0,,
0,,
0,,
0,,
0,,
0,,
0,,
0,,
0,,
0,,
0,,
0,,
0,,
0,,
0,,
0,,
0,,
0,,
0,,
0,,
0,,
0,,
0,,
0,,
0,,
0,,
0,,
0,,
0,,
0,,
0,,
0,,
0,,
0,,
0,,
0,,
0,,
0,,
0,,
0,,
0,,
0,,
0,,
0,,
0,,
0,,
0,,
0,,
0,,
0,,
0,,
0,,
0,,
0,,
0,,
0,,
0,,
0,,
0,,
0,,
0,,
0,,
0,,
0,,
0,,
0,,
0,,
0,,
0,,
0,,
0,,
0,,
0,,
0,,
0,,
0,,
0,,
0,,
0,,
0,,
0,,
0,,
0,,
0,,
0,,
0,,
0,,
0,,
0,,
0,,
0,,
0,,
0,,
0,,
0,,
0,,
0,,
0,,
0,,
0,,
0,,
0,,
0,,
0,,
0,,
0,,
0,,
0,,
0,,
0,,
0,,
0,,
0,,
0,,
0,,
0,,
0,,
0,,
0,,
0,,
0,,
0,,
0,,
0,,
0,,
0,,
0,,
0,,
0,,
0,,
0,,
0,,
0,,
0,,
0,,
0,,
0,,
0,,
0,,
0,,
0,,
0,,
0,,
0,,
0,,
0,,
0,,
0,,
0,,
0,,
0,,
0,,
0,,
0,,
0,,
0,,
0,,
0,,
0,,
0,,
0,,
0,,
0,,
0,,
0,,
0,,
0,,
0,,
0,,
0,,
0,,
0,,
0,,
0,,
0,,
0,,
0,,
0,,
0,,
0,,
0,,
0,,
0,,
0,,
0,,
0,,
0,,
0,,
0,,
0,,
0,,
0,,
0,,
0,,
0,,
0,,
0,,
0,,
0,,
0,,
0,,
0,,
0,,
0,,
0,,
0,,
0,,
0,,
0,,
0,,
0,,
0,,
0,,
0,,
0,,
0,,
0,,
0,,
0,,
0,,
0,,
0,,
0,,
0,,
0,,
0,,
0,,
0,,
1,,
0,,
0,,
0,,
0,,
0,,
0,,
0,,
0,,
0,,
0,,
0,,
0,,
0,,
0,,
0,,
0,,
0,,
0,,
0,,
0,,
0,,
0,,
0,,
0,,
0,,
0,,
0,,
0,,
0,,
0,,
0,,
0,,
0,,
0,,
0,,
0,,
0,,
0,,
0,,
0,,
0,,
0,,
0,,
0,,
0,,
0,,
0,,
0,,
0,,
0,,
0,,
0,,
0,,
0,,
0,,
0,,
0,,
0,,
0,,
0,,
0,,
0,,
0,,
0,,
0,,
0,,
0,,
0,,
0,,
1,,
0,,
0,,
0,,
0,,
0,,
0,,
0,,
0,,
0,,
0,,
0,,
0,,
0,,
0,,
0,,
0,,
0,,
0,,
0,,
0,,
0,,
0,,
0,,
0,,
0,,
0,,
0,,
0,,
0,,
0,,
0,,
0,,
0,,
0,,
0,,
0,,
0,,
0,,
0,,
0,,
0,,
0,,
0,,
0,,
0,,
0,,
0,,
0,,
0,,
0,,
0,,
0,,
0,,
0,,
0,,
0,,
0,,
0,,
0,,
0,,
0,,
0,,
0,,
0,,
0,,
0,,
0,,
0,,
0,,
0,,
0,,
0,,
0,,
0,,
0,,
0,,
0,,
0,,
0,,
0,,
0,,
0,,
0,,
1,,
0,,
0,,
0,,
0,,
0,,
0,,
0,,
0,,
0,,
0,,
0,,
0,,
0,,
0,,
0,,
0,,
0,,
0,,
0,,
0,,
0,,
0,,
0,,
0,,
0,,
0,,
0,,
0,,
0,,
0,,
0,,
0,,
0,,
0,,
0,,
0,,
0,,
0,,
0,,
0,,
0,,
0,,
0,,
0,,
0,,
0,,
0,,
0,,
0,,
0,,
0,,
0,,
0,,
0,,
0,,
0,,
0,,
0,,
0,,
0,,
0,,
0,,
0,,
0,,
0,,
0,,
0,,
0,,
0,,
0,,
0,,
0,,
0,,
0,,
0,,
0,,
0,,
0,,
0,,
0,,
0,,
0,,
0,,
0,,
0,,
0,,
0,,
0,,
0,,
0,,
0,,
0,,
0,,
0,,
0,,
0,,
0,,
0,,
0,,
0,,
0,,
0,,
0,,
0,,
0,,
0,,
0,,
0,,
0,,
0,,
0,,
0,,
0,,
0,,
0,,
0,,
0,,
0,,
0,,
0,,
0,,
0,,
0,,
0,,
0,,
0,,
0,,
0,,
0,,
0,,
0,,
0,,
0,,
0,,
0,,
0,,
0,,
0,,
0,,
0,,
0,,
0,,
0,,
0,,
0,,
0,,
1,,
0,,
0,,
0,,
0,,
0,,
0,,
0,,
0,,
0,,
0,,
0,,
0,,
0,,
0,,
0,,
0,,
0,,
0,,
0,,
0,,
0,,
0,,
0,,
0,,
0,,
0,,
0,,
0,,
0,,
0,,
0,,
0,,
0,,
0,,
0,,
0,,
0,,
0,,
0,,
0,,
0,,
0,,
0,,
0,,
0,,
0,,
0,,
0,,
0,,
0,,
0,,
0,,
0,,
0,,
0,,
0,,
0,,
0,,
0,,
0,,
0,,
0,,
0,,
0,,
0,,
0,,
0,,
0,,
0,,
0,,
0,,
0,,
0,,
0,,
0,,
0,,
0,,
0,,
0,,
0,,
0,,
0,,
0,,
0,,
0,,
0,,
0,,
1,,
0,,
0,,
0,,
0,,
0,,
0,,
0,,
0,,
0,,
0,,
0,,
0,,
0,,
0,,
0,,
0,,
0,,
0,,
0,,
0,,
0,,
0,,
0,,
0,,
0,,
0,,
0,,
0,,
0,,
0,,
0,,
0,,
0,,
0,,
0,,
0,,
0,,
0,,
0,,
0,,
0,,
0,,
0,,
0,,
0,,
0,,
0,,
0,,
0,,
0,,
0,,
0,,
0,,
0,,
0,,
0,,
0,,
0,,
0,,
0,,
0,,
0,,
0,,
0,,
0,,
0,,
0,,
0,,
0,,
0,,
0,,
0,,
0,,
1,,
0,,
0,,
0,,
0,,
0,,
0,,
0,,
0,,
0,,
0,,
0,,
0,,
0,,
0,,
0,,
0,,
0,,
0,,
0,,
0,,
0,,
0,,
0,,
0,,
0,,
0,,
0,,
0,,
0,,
0,,
0,,
0,,
0,,
0,,
0,,
0,,
0,,
0,,
0,,
0,,
0,,
0,,
0,,
0,,
0,,
0,,
0,,
0,,
0,,
0,,
0,,
0,,
0,,
0,,
0,,
0,,
0,,
0,,
0,,
0,,
0,,
0,,
0,,
0,,
0,,
0,,
0,,
0,,
0,,
0,,
0,,
0,,
0,,
0,,
0,,
0,,
0,,
0,,
0,,
0,,
0,,
0,,
0,,
0,,
0,,
0,,
0,,
0,,
0,,
0,,
0,,
0,,
0,,
0,,
1,,
0,,
0,,
0,,
0,,
0,,
0,,
0,,
0,,
0,,
0,,
0,,
0,,
0,,
0,,
0,,
0,,
0,,
0,,
0,,
0,,
0,,
0,,
0,,
0,,
0,,
0,,
0,,
0,,
0,,
0,,
0,,
0,,
0,,
0,,
0,,
0,,
0,,
0,,
0,,
0,,
0,,
0,,
0,,
0,,
0,,
0,,
0,,
0,,
0,,
0,,
0,,
0,,
0,,
0,,
0,,
0,,
0,,
0,,
0,,
0,,
0,,
0,,
0,,
0,,
0,,
0,,
0,,
0,,
0,,
0,,
0,,
0,,
0,,
0,,
0,,
0,,
0,,
0,,
0,,
0,,
0,,
0,,
0,,
0,,
0,,
0,,
0,,
0,,
0,,
0,,
0,,
0,,
0,,
1,,
0,,
0,,
0,,
0,,
0,,
0,,
0,,
0,,
0,,
0,,
0,,
0,,
0,,
0,,
0,,
0,,
0,,
0,,
0,,
0,,
0,,
0,,
0,,
0,,
0,,
0,,
0,,
0,,
0,,
0,,
0,,
0,,
0,,
0,,
0,,
0,,
0,,
0,,
0,,
0,,
0,,
0,,
0,,
0,,
0,,
0,,
0,,
0,,
0,,
0,,
0,,
0,,
0,,
0,,
0,,
0,,
0,,
0,,
0,,
0,,
0,,
0,,
0,,
0,,
0,,
0,,
0,,
0,,
0,,
0,,
0,,
0,,
0,,
0,,
0,,
0,,
0,,
0,,
0,,
0,,
0,,
0,,
0,,
0,,
0,,
0,,
0,,
0,,
0,,
0,,
0,,
0,,
0,,
0,,
0,,
0,,
0,,
0,,
0,,
0,,
1,,
0,,
0,,
0,,
0,,
0,,
0,,
0,,
0,,
0,,
0,,
0,,
0,,
0,,
0,,
0,,
0,,
0,,
0,,
0,,
0,,
0,,
0,,
0,,
0,,
0,,
0,,
0,,
0,,
0,,
0,,
0,,
0,,
0,,
0,,
0,,
0,,
0,,
0,,
0,,
0,,
0,,
0,,
0,,
0,,
0,,
0,,
0,,
0,,
0,,
0,,
0,,
0,,
0,,
0,,
0,,
0,,
0,,
0,,
0,,
0,,
0,,
0,,
0,,
0,,
0,,
0,,
0,,
0,,
0,,
0,,
0,,
0,,
0,,
0,,
0,,
0,,
0,,
0,,
0,,
0,,
0,,
0,,
0,,
0,,
0,,
0,,
0,,
0,,
